hash_name,From_Date ,To_Date,Ticket_Number 
ecxq6,2023-08-24,2999-12-31,"DML-827, added 24.08.2023 ghana"
ecreb,2023-09-19,2999-12-31,"DML-871, added 19.09.2023"
ecqb8,2023-09-26,2999-12-31,"DML-882, added 26.09.2023"
ecn5r,2023-11-13,2999-12-31,"DML-977, added 13.11.2023"
ecn72,2023-11-13,2999-12-31,"DML-977, added 13.11.2023"
ecpfz,2023-11-14,2999-12-31,"DML-980, added 14.11.2023"
ecpfx,2023-11-14,2999-12-31,"DML-980, added 14.11.2023"
ecnxj,2023-12-12,2999-12-31,DML-1026
ecjvc,2023-12-20,2999-12-31,DML-1045
s104b,2023-12-24,2999-12-31,DML-1057
ebytc,2024-01-15,2999-12-31,DML-1104
s10dd,2024-01-25,2999-12-31,DML-1077
s10df,2024-01-25,2999-12-31,DML-1077
ecp9p,2023-11-06,2024-02-05,"DML-955, added 06.11.2023"
ecpc0,2023-11-06,2024-02-05,"DML-955, added 06.11.2023"
s10md,2024-01-08,2024-02-18,DML-1093
ebzjx,2024-02-22,2999-12-31,DML-1170
ecpbu,2024-03-06,2999-12-31,DML-1200
ecp8x,2024-03-11,2999-12-31,DML-1211
s10eu,2024-04-17,2999-12-31,DML-1280
ecxbp,2024-04-28,2999-12-31,DML-1290
ecr00,2024-05-21,2999-12-31,DML-1345
ebvuy,2024-07-07,2999-12-31,DML-1406
ecpdt,2024-07-11,2999-12-31,DML-1422
ebyu6,2024-07-20,2999-12-31,DML-1437
ebzj5,2024-08-23,2999-12-31,DML-1485
ecpcw,2024-09-04,2999-12-31,DML-1525
ecny2,2024-09-15,2999-12-31,DML-1542
s126f,2024-09-15,2999-12-31,DML-1542
s109g,2024-09-15,2999-12-31,DML-1542
s10s5,2024-10-02,2999-12-31,DML-1581
ebzj6,2024-10-13,2999-12-31,DML-1590
ecpj9,2024-10-16,2999-12-31,DML-1602
ebyh8,2024-10-23,2999-12-31,DML-1613
eczez,2024-11-08,2999-12-31,DML-1643
ebzzb,2024-11-19,2999-12-31,DML-1658
ecpfb,2024-12-03,2999-12-31,DML-1682
ecqkg,2024-12-18,2999-12-31,DML-1708
ecq50,2024-12-18,2999-12-31,DML-1708